epoch,accuracy,loss,lr,val_accuracy,val_loss
0,0.8795292973518372,0.29062241315841675,1e-04,0.9266107082366943,0.18474078178405762
