epoch,accuracy,loss,lr,val_accuracy,val_loss
0,0.8615091443061829,0.6307975053787231,1e-04,0.8532772064208984,0.5959841012954712
