epoch,accuracy,loss,lr,val_accuracy,val_loss
0,0.8263353109359741,0.7328622341156006,1e-04,0.6235718727111816,0.9177936911582947
