epoch,accuracy,loss,lr,val_accuracy,val_loss
0,0.9429773092269897,0.4268568754196167,1e-04,0.9345870614051819,0.44663190841674805
